0.0,-0.3,0.0,-2.2,0.0,2.0,0.7853981633974483
8.83330131466466e-06,-0.2999670544230889,1.3924565914574553e-05,-2.1999537180247573,2.072000180710038e-06,1.9999866636058037,0.7854197374306519
3.5330648465496804e-05,-0.29986821268776037,5.569520979338751e-05,-2.199814861498166,8.281529155457232e-06,1.9999466488506548,0.785484458080839
7.948538012126269e-05,-0.2997034598157335,0.00012530186939982538,-2.1995833986680253,1.8608866492505594e-05,1.9998799390347617,0.7855923212433322
0.00014128694752577249,-0.2994727708682781,0.00022272729728330123,-2.199259276645312,3.3020986311295304e-05,1.9997865063314393,0.785743320209487
0.000220720942187967,-0.29917611091845386,0.0003479470662761504,-2.1988424213554225,5.1471565617689535e-05,1.9996663117592206,0.7859374456710948
0.00031776913490890157,-0.29881343503826047,0.0005009295769121773,-2.1983327375081028,7.390099611366424e-05,1.9995193051577327,0.786174685726385
0.000432409526150818,-0.29838468828194975,0.0006816360667567098,-2.1977301085585834,0.00010023639949119225,1.9993454251566178,0.7864550258875856
0.0005646164077088559,-0.2978898053847821,0.0008900206217932765,-2.197034396247816,0.00013039164595857482,1.999144598976263,0.7867784490902913
0.0007143604359824701,-0.29732871182207093,0.0011260301889142832,-2.1962454421365454,0.0001642673774736517,1.9989167430051726,0.7871449357028995
0.0008816087160904187,-0.29670132221194884,0.0013896045917657183,-2.195363065237106,0.00020175103234161822,1.9986617618472606,0.7875544635399263
0.0010663248979038862,-0.29600754128935475,0.001680676546968108,-2.194387063416218,0.00024271687533854457,1.9983795488408185,0.7880070078742787
0.0012684692831772552,-0.2952472636255341,0.001999171682847194,-2.1933172129535126,0.00028702603050764184,1.9980699858527247,0.7885025414517698
0.00148799894413105,-0.29442037358502493,0.002345008559796264,-2.192153268445595,0.00033452651772315474,1.9977329432044246,0.7890410345064932
0.0017248678534397919,-0.29352674527747047,0.0027180986923728296,-2.1908949626995415,0.00038505329288383,1.9973682795904366,0.7896224547771274
0.001979027025637254,-0.29256624250397184,0.003118346573090842,-2.189542006615438,0.00043842829176563486,1.9969758419892638,0.7902467675240343
0.0022504246699525535,-0.29153871869765535,0.0035456496978659015,-2.1880940890575054,0.0004944604775652677,1.9965554655665723,0.7909139355469984
0.002539006354591243,-0.2904440168581122,0.003999898593067595,-2.186550876713348,0.0005529458921668545,1.9961069735704844,0.7916239192034445
0.0028447151824758285,-0.28928196947933293,0.004480976844129841,-2.1849120139407883,0.0006136677111656974,1.9956301772188236,0.7923766764269604
0.0031674919784617024,-0.28805239847074593,0.0049887611256659,-2.183177122601731,0.0006763963026831807,1.9951248755781221,0.7931721627459308
0.003507275488044116,-0.2867551150709188,0.005523121233032097,-2.1813458018824416,0.0007408892900075266,1.9945908554341922,0.7940103313020892
0.003864002587573277,-0.2853899197534809,0.006083920115279922,-2.1794176280995856,0.0008068916180949967,1.9940278911540468,0.7948911328687686
0.004237608505994973,-0.2839566021247707,0.006671013909433099,-2.1773921544913044,0.0008741356239656063,1.993435744538913,0.7958145158686297
0.004628027058135237,-0.28245494081270145,0.007284251976022025,-2.1752689109925942,0.0009423411110267133,1.9928141646681006,0.796780426390626
0.005035190889548072,-0.28088470334629845,0.007923476935804991,-2.1730474039941576,0.0010112154273564675,1.9921628877334245,0.797788808205955
0.005459031732946487,-0.27924564602533164,0.008588524707601129,-2.170727116083853,0.0010804535479774933,1.991481636863872,0.7988396027827339
0.005899480676238302,-0.2775375137794377,0.009279224547156741,-2.1683075057698353,0.001149738161148838,1.990770121940198,0.7999327492991214
0.00635646844218919,-0.27576004001609167,0.00999539908696264,-2.1657880071843696,0.0012187397587016928,1.9900280393990655,0.8010681846545972
0.006829925679737664,-0.2739129464567575,0.01073686437693603,-2.1631680297672893,0.0012871167304411223,1.9892550720263575,0.8022458434790972
0.007319783266987893,-0.27199594296050217,0.011503429925876843,-2.1604469579279413,0.0013545154626322345,1.9884508887392232,0.8034656581396896
0.007825972625908936,-0.27000872733432635,0.01229489874360403,-2.157624150684442,0.0014205704405849606,1.987615144356416,0.8047275587444629
0.0083484260487716,-0.26795098512944077,0.013111067383673375,-2.1546989412789537,0.0014849043553469882,1.986747479356419,0.806031473143285
0.008887077036357405,-0.2658223894226367,0.013951725986573786,-2.1516706367676224,0.0015471282145080667,1.9858475196228393,0.8073773269250799
0.00944186064797739,-0.26362260058191445,0.014816658323295095,-2.14853851758373,0.0016068414571141579,1.984914876176486,0.8087650434112519
0.010012713863343577,-0.2613512660154217,0.015705641839155543,-2.145301837072509,0.001663632072681365,1.9839491448935318,0.8101945436448784
0.010599575956340692,-0.25900801990277356,0.016618447697772286,-2.14195982099599,0.001717076724293684,1.9829499062090774,0.811665746375275
0.011202388880751521,-0.2565924829077132,0.017554840825053913,-2.138511667006114,0.0017667408757591468,1.981916724805426,0.8131785680375233
0.011821097667996843,-0.2541042618710724,0.018514579953088455,-2.1349565440842673,0.0018121789227907184,1.9808491492842826,0.8147329227265413
0.01245565083695825,-0.25154294948288647,0.01949741766379513,-2.1312935919452243,0.0018529343281680642,1.979746711822066,0.8163287221652563
0.013106000815961786,-0.24890812393249576,0.020503100432202975,-2.127521920403413,0.00188853976082585,1.9786089278074408,0.8179658756664319
0.013772104377010772,-0.24619934853536554,0.021531368669212993,-2.1236406086992057,0.0019185172388023663,1.9774352954601164,0.8196442900876804
0.014453923082368305,-0.24341617133531782,0.022581956763694927,-2.119648704782866,0.0019423782759705867,1.9762252954298924,0.8213638697791814
0.015151423743603766,-0.24055812468075952,0.02365459312376301,-2.1155452245535438,0.001959624032459087,1.9749783903748444,0.8231245165236087
0.01586457889323288,-0.23762472477343594,0.024749000217068107,-2.111329151050592,0.001969745468656962,1.9736940245174666,0.8249261294677545
0.016593367269099133,-0.2346154711881224,0.025864894609936462,-2.106999433594249,0.0019722235026801435,1.9723716231775006,0.8267686050453193
0.017337774311663747,-0.23152984636159854,0.027001987005177214,-2.102554986872565,0.001966529171160751,1.9710105922800845,0.8286518368903265
0.018097792674394236,-0.22836731504911628,0.028159982278372568,-2.0979946899711845,0.0019521237932020638,1.96961031783774,0.8305757157405926
0.018873422747466652,-0.22512732374647484,0.029338579512455228,-2.0933173853423988,0.001928459137322801,1.9681701654046229,0.832540129330676
0.01966467319502461,-0.2218093000756786,0.030537472030367947,-2.0885218777095895,0.0018949775911933746,1.9666894795013325,0.8345449622737013
0.020471561506270636,-0.2184126521320257,0.031756347425589256,-2.0836069329029248,0.0018511123339440387,1.965167583008439,0.8365900959314396
0.021294114560700135,-0.21493676779032567,0.032994887590297804,-2.0785712766218483,0.0017962875108012168,1.9636037765267547,0.838675408271999
0.02213236920782772,-0.2113810139677651,0.034252768740935524,-2.0734135931195836,0.0017299184097815613,1.9619973377022282,0.8408007737144657
0.02298637286180031,-0.20774473584077985,0.03552966144091482,-2.068132523804478,0.0016514116401457712,1.9603475205131453,0.8429660629598027
0.02385618411133992,-0.2040272560130858,0.0368252306202013,-2.062726665752666,0.0015601653122839533,1.9586535545171795,0.8451711428072941
0.024741873345513934,-0.20022787363179778,0.03813913559148537,-2.0571945701260423,0.0014555692186714834,1.9569146440556007,0.8474158759557896
0.025643523395891047,-0.19634586344834218,0.03947103006263871,-2.051534740489108,0.0013370050154993766,1.955129967411763,0.8497001207889838
0.02656123019570877,-0.19238047482060078,0.04082056214513094,-2.0457456310177013,0.0012038464045453876,1.9532986759207334,0.8520237311439198
0.027495103456753073,-0.18833093065241743,0.042187374358059006,-2.039825644592064,0.0010554593148102572,1.9514198930266833,0.8543865560618831
0.028445267364733632,-0.18419642626631888,0.04357110362741754,-2.0337731307660873,0.0008912020833998804,1.9494927132843822,0.8567884395208089
0.029411861294031182,-0.17997612820491918,0.044971381280210845,-2.027586383603872,0.0007104256350855775,1.947516201300804,0.8592292201482841
0.030395040542794283,-0.17566917295608667,0.04638783303297585,-2.021263639373991,0.0005124736599211667,1.9454893906125477,0.8617087309141834
0.031394977089478,-0.1712746655965584,0.04782007897425235,-2.01480307409101,0.0002966827882405266,1.9434112824943646,0.8642267988019243
0.032411860372041953,-0.16679167834816683,0.04926773354049845,-2.0082028008929127,6.238276229483226e-05,1.941280844693714,0.8667832444572771
0.03344589809116548,-0.16221924904035107,0.050730405484906566,-2.001460867242049,-0.00019110339627775622,1.9390970100857694,0.869377881813599
0.03449731703899318,-0.15755637947203008,0.05220769783852911,-1.9945752519361124,-0.0004644592240318695,1.9368586752428327,0.8720105176923009
0.035566363955096464,-0.15280203366525597,0.05369920786306918,-1.9875438619144112,-0.0007583746593076533,1.934564698911536,0.8746809513772746
0.03665330641152906,-0.1479551360023499,0.05520452699463365,-1.980364528843304,-0.0010735458928896049,1.9322139003906043,0.8773889741619311
0.03775474499866273,-0.1430311122990983,0.056718175046732294,-1.9730595670493223,-0.0014095210304972535,1.92981314484638,0.8801252021302025
0.038858962400378595,-0.13808299131022858,0.05822347035700599,-1.9657073459712486,-0.0017628961030747732,1.9273879273701524,0.8828597025830025
0.039965271234041234,-0.13311462543248176,0.059719152535726926,-1.9583134864740317,-0.0021333279458971037,1.92493999471157,0.8855901333507457
0.04107390579705215,-0.12812573991340415,0.06120523485433426,-1.9508774886448959,-0.0025207480924328927,1.922469084322646,0.8883164448000251
0.04218510140525421,-0.12311605173847827,0.06268172972355184,-1.9433988373939075,-0.0029250886654922058,1.919974927164382,0.8910385847816491
0.04329909446136087,-0.11808526938284689,0.06414864867513748,-1.9358770019443603,-0.0033462824200609486,1.917457247469338,0.893756498609075
0.04441612252714611,-0.11303309254931926,0.06560600234246218,-1.9283114352985267,-0.00378426278734544,1.9149157624935653,0.8964701290353158
0.04553642439957358,-0.1079592118920276,0.06705380043984543,-1.9207015736775224,-0.004238963920100975,1.912350182257312,0.8991794162282125
0.04666024019105609,-0.10286330872491463,0.06849205174057252,-1.913046835933765,-0.004710320739332045,1.9097602092738177,0.9018842977439727
0.0477878114140505,-0.09774505471418692,0.06992076405351318,-1.9053466229343898,-0.005198268982455796,1.9071455382654432,0.9045847084988582
0.04891938107020873,-0.09260411155382846,0.07133994419825752,-1.8976003169139175,-0.005702745253025545,1.9045058558663577,0.9072805807389122
0.050055193744320776,-0.0874401306231631,0.07274959797867718,-1.8898072807942767,-0.006223687072118552,1.9018408403109193,0.9099718440075905
0.05119549570330372,-0.0822527526254074,0.07414973015481513,-1.8819668574701982,-0.0067610329314989085,1.8991501611068502,0.9126584251111719
0.0523405350005097,-0.07704160720608624,0.0755403444130002,-1.8740783690578484,-0.007314722348671116,1.8964334786922241,0.9153402480817988
0.05349056158564564,-0.07180631255007257,0.07692144333407479,-1.8661411161043953,-0.007884695923951244,1.893690444075231,0.9180172341379971
0.05464582742544338,-0.06654647467926621,0.0782930283683859,-1.8581543763026702,-0.008470895423826773,1.8909206982503355,0.9206893016620188
0.05580658660741373,-0.06126168809118085,0.07965509976516369,-1.8501174053976237,-0.009073263747982804,1.8881238726068073,0.9233563660783075
0.056973095494824086,-0.05595153367702658,0.08100765658588226,-1.8420294336327874,-0.009691745132086007,1.8852995873199287,0.9260183399180458
0.05814561284579454,-0.050615579273550614,0.0823506966296231,-1.8338896665027498,-0.01032628512364813,1.8824474516900747,0.9286751326941246
0.05932439996049044,-0.04525337887159259,0.08368421639832566,-1.8256972833014107,-0.010976830673626257,1.8795670634856252,0.9313266508644625
0.06050972083224487,-0.03986447205336136,0.08500821105085865,-1.8174514360380547,-0.011643330208757926,1.8766580084525257,0.9339727977735297
0.06170184230707978,-0.034448383396650316,0.08632267435415816,-1.8091512482924716,-0.012325733707075322,1.8737198597966873,0.936613473589922
0.06290103425215961,-0.029004621843767536,0.08762759863123405,-1.8007958140049427,-0.01302399277681613,1.8707521776373333,0.9392485752397203
0.06410756973375327,-0.02353268003272693,0.08892297470582887,-1.7923841961965485,-0.013738060738968742,1.8677545084292442,0.941877996335344
0.06532172520532903,-0.018032033588096977,0.09020879184349824,-1.783915425614886,-0.014467892713704083,1.8647263843516648,0.9445016270995841
0.06654378070645722,-0.012502140368620041,0.09148503768885967,-1.7753884992998459,-0.015213445710971631,1.8616673226614708,0.9471193542844774
0.06777402007325403,-0.0069424396685305615,0.09275169819873864,-1.7668023790636787,-0.01597467872555473,1.8585768250079666,0.9497310610846565
0.06901273116116106,-0.0013523513691734805,0.09400875757091529,-1.7581559898790329,-0.016751552836910075,1.8554543767064784,0.9523366270447756
0.0702602060809242,0.004268724962724209,0.09525619816815113,-1.7494482181681446,-0.017544031314139112,1.8522994459676447,0.9549359279605862
0.07151674144871112,0.009921411034136466,0.0964940004371462,-1.7406779099856937,-0.018352079726471997,1.8491114830790305,0.9575288357731907
0.07278263865138897,0.01560635084654318,0.09772214282204655,-1.7318438690872113,-0.01917566605967806,1.845889919535401,0.9601152184559697
0.07405820412807754,0.021324211783206884,0.09894060167208794,-1.7229448548741504,-0.02001476083885152,1.842634167113638,0.9626949398936296
0.07534374966919222,0.02707568576812514,0.10014935114292275,-1.7139795802059283,-0.020869337258062746,1.8393436168879207,0.9652678597527677
0.07663959273430539,0.03286149050237277,0.10134836309113703,-1.7049467090683046,-0.021739371317412316,1.8360176381803792,0.9678338333432999
0.07794605679027779,0.038682370784069865,0.10253760696141528,-1.69584485408646,-0.0226248419680727,1.8326555774419615,0.9703927114700321
0.07926347167125108,0.044539099918824536,0.10371704966576199,-1.686672573870023,-0.023525731265958267,1.82925675705776,0.9729443402735961
0.08059217396224508,0.05043248122818593,0.1048866554541288,-1.677428370176012,-0.024442024534727158,1.8258204740704704,0.9754885610598838
0.0819325074082743,0.05636334966441531,0.10604638577573308,-1.6681106848742195,-0.02537371053888931,1.8223459988149964,0.9780252101170441
0.08328482335109086,0.06233257354067025,0.10719619913028253,-1.6587178966981178,-0.026320781667866135,1.8188325734565751,0.980554118519009
0.08464948119587079,0.06834105638672279,0.1083360509082385,-1.6492483177624322,-0.02728323413194118,1.8152794104239103,0.983075111914406
0.0860268489104024,0.0743897389413267,0.10946589321916297,-1.6397001898267138,-0.028261068171131477,1.8116856907279966,0.9855880102996092
0.08741730355960105,0.08047960129357698,0.11058567470709206,-1.6300716802819384,-0.029254288278121043,1.8080505621562757,0.9880926277745462
0.0888212318784752,0.08661166518693289,0.11169534035176588,-1.6203608778347012,-0.030262903436518367,1.8043731373306497,0.9905887722797316
0.09023903088700663,0.09278699650110266,0.11279483125441668,-1.610565787860753,-0.03128692737583851,1.8006524916166224,0.9930762453128379
0.09167110855078983,0.09900670792867317,0.1138840844066737,-1.6006843273964635,-0.03232637884476332,1.7968876608693887,0.995554841622929
0.09311788449170438,0.1052719618653167,0.11496303244097973,-1.5907143197332207,-0.03338128190440902,1.7930776390011092,0.9980243488802744
0.09457979075338326,0.1115839735346108,0.11603160336072915,-1.5806534885756467,-0.03445166624353075,1.789221375351723,1.000484547319426
0.09605727262679267,0.11794401437097363,0.11708972024812901,-1.5704994517199622,-0.03553756751781576,1.7853177718436148,1.0029352093529744
0.09755078954186812,0.12435341568709676,0.1181373009475435,-1.560249714203472,-0.03663902771567702,1.781365679898032,1.0053760991530973
0.09906081603186842,0.1308135726554563,0.11917425772181199,-1.549901660870207,-0.03775609555324739,1.7773638970884713,1.0078069721976688
0.1005878427779294,0.13732594863724437,0.12020049687871717,-1.5394525482907908,-0.03888882690161296,1.7733111635031136,1.010227574777305
0.10213237774223721,0.14389207989629385,0.12121591836442415,-1.5288994959667424,-0.04003728524970488,1.7692061577848472,1.012637643459268
0.10369494739931917,0.15051358074048937,0.12222041532029854,-1.5182394767403018,-0.04120154220671062,1.7650474928133049,1.0150369045036376
0.10527609807619116,0.15719214913880664,0.12321387359903979,-1.5074693063203841,-0.042381678048371986,1.7608337109886072,1.017425073226557
0.10687639741353376,0.16392957286867832,0.12419617123551689,-1.496585631823119,-0.043577782312125515,1.75656327907105,1.0198018533046842
0.10849643596173049,0.17072773625596002,0.12516717786706044,-1.4855849192113715,-0.044789954446717184,1.7522345825246053,1.0221669360141725
0.11013682892752615,0.17758862757862098,0.1261267540972253,-1.4744634395012355,-0.04601830452271501,1.7478459193047355,1.0245199993965928
0.11179821808931352,0.18451434721559126,0.12707475079617842,-1.4632172535843866,-0.04726295401126267,1.7433954930223945,1.0268607073431255
0.11348127390167997,0.19150711663427114,0.12801100832985798,-1.4518421954927854,-0.048524036639492334,1.7388814054059976,1.0291887085871079
0.11518669781292586,0.19856928832439272,0.1289353557088663,-1.4403338539059392,-0.04980169933227715,1.7343016479712885,1.0315036355935416
0.11691522482289429,0.205703356802681,0.12984760964666478,-1.4286875516698738,-0.05109610325149248,1.7296540927950421,1.033805103332438
0.11866762631273503,0.21291197083254165,0.1307475735149887,-1.4168983230602983,-0.052407424945709415,1.7249364822719926,1.0360927079208435
0.12044471318330617,0.22019794702653905,0.13163503618243777,-1.4049608884788347,-0.05373585762532753,1.7201464177147354,1.038366025115958
0.1222473393839044,0.22756428541693374,0.1325097707275772,-1.392869625538659,-0.05508161263439007,1.7152813463105412,1.0406246086605986
0.12407640565608928,0.23501418495750248,0.13337153296175114,-1.3806185400732642,-0.05644492082685626,1.7103385481185525,1.0428679883299647
0.12593286409540144,0.24255106473168048,0.13422005985149962,-1.3682012269526145,-0.05782603463062251,1.7053151183276822,1.045095667962136
0.12781613440048736,0.2501721567589052,0.13505437131253817,-1.3556214517454122,-0.05922404961325267,1.7002122637543229,1.0473052774274774
0.1297062359640304,0.2577965439772911,0.1358652943836943,-1.3430123693667972,-0.0606236769603171,1.6950839114737057,1.0494724954391375
0.1315966645456247,0.2653985682527923,0.13665030354035904,-1.3304165016448546,-0.06201974467604486,1.689947556874334,1.051590078933741
0.13348716061188654,0.2729779554366664,0.13740969931175315,-1.3178345136918888,-0.06341175186263841,1.6848037385266177,1.053658229159518
0.13537745249350247,0.28053441543752916,0.1381437772367316,-1.3052671003814673,-0.06479920852066282,1.6796530061905943,1.0556771539713297
0.13726725639545073,0.28806764087324394,0.13885282810751037,-1.292714988958765,-0.06618163504728758,1.674495921886365,1.0576470678622576
0.1391562763709876,0.29557730560513523,0.13953713822142516,-1.2801789418609852,-0.0675585617327197,1.6693330610629553,1.0595681920037199
0.1410442042577853,0.30306306314281245,0.14019698964151478,-1.2676597597695454,-0.06892952825387011,1.6641650138753372,1.061440754295476
0.14293071957434783,0.310524544906647,0.1408326604668,-1.2551582849180245,-0.07029408316416924,1.658992386580408,1.0632649894269872
0.1448154893745475,0.3179613583335017,0.14144442511322375,-1.2426754046825272,-0.07165178337830087,1.653815803063899,1.0650411389516747
0.14669816805779437,0.32537308480966065,0.14203255460632627,-1.2302120554841687,-0.07300219365046086,1.6486359065115752,1.0667694513757542
0.14857839713198942,0.3327592774131004,0.1425973168868482,-1.21776922703672,-0.07434488604457024,1.6434533612395905,1.068450182263449
0.15045580492600155,0.3401194584451829,0.1431389771305974,-1.2053479669762461,-0.07567943939467552,1.638268854700556,1.0700835943605393
0.152330006247946,0.34745311672950996,0.14365779808407467,-1.192949385913896,-0.07700543875354622,1.6330830996838588,1.0716699577383975
0.15420060198502647,0.35475970465311274,0.1441540404175356,-1.1805746629577196,-0.07832247482724175,1.6278968367308646,1.073209549960849
0.15606717864011696,0.36203863492217137,0.14462796309737905,-1.1682250517549038,-0.07963014339314535,1.622710836788151,1.0747026562764546
0.1579293077995986,0.36928927700114755,0.14507982377999035,-1.1559018871118771,-0.08092804469866041,1.617525904124625,1.07614956983907
0.1597865455262353,0.3765109532005367,0.14550987922944597,-1.1436065922565752,-0.08221578283743967,1.6123428795414871,1.0775505919598545
0.16163843167002453,0.38370293437415437,0.14591838576180066,-1.131340686815007,-0.08349296509963344,1.6071626439075253,1.0789060323942599
0.16348448908902902,0.3908644351822183,0.14630559971904303,-1.1191057955828836,-0.08475920129224293,1.6019861220561165,1.0802162096679275
0.16532422277112596,0.397994608871076,0.1466717779762175,-1.1069036581830314,-0.08601410302519494,1.5968142870848052,1.0814814514458873
0.16715711884642762,0.40509254151451957,0.14701717848569146,-1.0947361397102018,-0.08725728295826109,1.5916481651032313,1.0827020949499726
0.16898264356335294,0.4121572462081081,0.14734206086026222,-1.0826052414838387,-0.08848835408057043,1.5864888400114645,1.0838784874343692
0.17080024173145042,0.4191876539722561,0.14764668701528694,-1.0705131177371983,-0.089706928573286,1.5813374610595619,1.0850109866985913
0.17260933577321255,0.4261826089000716,0.14793132184218055,-1.0584620847184798,-0.0909126173128314,1.5761952467950644,1.0860999617124902
0.1744093238883584,0.43314085769964883,0.14819623395992926,-1.0464546398882977,-0.09210502864169984,1.5710634937512307,1.0871457932705781
0.1761995783788659,0.4400610405893448,0.14844169652536596,-1.0344934787306064,-0.09328376738614287,1.5659435839731168,1.0881488747522008
0.17797944370241367,0.4469416807111624,0.14866798812051188,-1.0225815142694252,-0.09444843372990196,1.5608369937836428,1.0891096129702764
0.17974823429661688,0.45378117237877824,0.1488753937254137,-1.0107218987296351,-0.09559862199538702,1.5557453035191704,1.0900284291240194
0.18150523214744826,0.46057776802331,0.1490642057877028,-0.9989180475944092,-0.0967339193211517,1.550670208348398,1.090905759867863
0.18324968407213024,0.46732956368445233,0.1492347254016314,-0.9871736663403119,-0.09785390422346459,1.545613530301188,1.0917420585102053
0.18498079868341785,0.47403448287794825,0.14938726361104282,-0.9754927801618792,-0.09895814502869006,1.5405772316478155,1.0925377963571063
0.18669774299864383,0.48069025865277804,0.14952214285261994,-0.9638797670298657,-0.10004619816212645,1.5355634297836973,1.0932934642176748
0.18839963865317855,0.4872944136331225,0.14963969855782233,-0.9523393944611671,-0.10111760627791971,1.5305744137898891,1.0940095740895508
0.1900855576742189,0.49384423782177317,0.14974028093414438,-0.9408768604123016,-0.10217189621377216,1.5256126628548854,1.0946866610445745
0.19175451776719146,0.5003367639239299,0.14982425694868012,-0.9294978387410116,-0.10320857675347361,1.5206808667579563,1.0953252853363624
0.19340547706380848,0.5067687399346009,0.14989201253937617,-0.918208529709518,-0.10422713617994074,1.5157819486272757,1.0959260347529471
0.19503732827826326,0.5131365987206142,0.14994395508171046,-0.9070157160254224,-0.10522703960161459,1.510919090196184,1.096489527238772
0.19664889221675738,0.51943642432249,0.14998051614064822,-0.8959268249267796,-0.10620772603601347,1.5060957597856086,1.0970164138108478
0.19823891058613702,0.5256639147050205,0.15000215453937482,-0.8849499968111596,-0.10716860523622909,1.5013157432376014,1.0975073817935497
0.19980603821263457,0.5318143416048191,0.1500093597527662,-0.8740941592339406,-0.10810905436617288,1.4965831772430866,1.0979631583686889
0.20134883371702905,0.5378825021773023,0.15000265579252445,-0.8633691159238635,-0.10902841386093692,1.49190258956497,1.0983845146050286
0.20286575076584307,0.5438626743130768,0.1499826052973554,-0.8527856292131424,-0.10992598403400415,1.4872789360560028,1.098772269641946
0.20435512717392856,0.5497485603751844,0.1499498142464296,-0.8423555236334611,-0.11080102047026429,1.4827176474401784,1.09912729545263
0.2058151738224324,0.5555332303520141,0.14990493702972876,-0.832091790664583,-0.11165272964954419,1.4782246765058047,1.0994505218753334
0.2072439627244679,0.5612090606320798,0.14984868197752066,-0.8220087015272617,-0.11248026431316602,1.473806548942228,1.0997429419909837
0.20863941449568915,0.5667676697524746,0.14978181730388124,-0.81212192554001,-0.11328271874271945,1.4694704166809154,1.1000056177635542
0.20999928545989666,0.5721998522562194,0.14970517739987527,-0.8024486519408747,-0.11405912407196972,1.465224112793724,1.1002396858352521
0.21132115474086047,0.5774955123859555,0.14961966936155421,-0.7930077119813181,-0.11480844380121409,1.461076206508049,1.1004463633124313
0.2126024118485295,0.5826436001067252,0.14952627956948714,-0.7838196966856039,-0.11552956974323898,1.4570360562613642,1.1006269533053512
0.2138402454657856,0.587632052912147,0.14942608004652533,-0.7749070638927041,-0.11622131870191321,1.453113857917112,1.1007828498931829
0.21503163438334463,0.5924477480364764,0.14932023420606666,-0.766294226039798,-0.1168824302676222,1.4493206842915582,1.1009155420737948
0.2161733418132108,0.5970764710572035,0.1492100014632295,-0.7580076076300173,-0.11751156620548621,1.4456685110074838,1.101026616126943
0.21726191462453212,0.6015029083747956,0.14909674001873524,-0.7500756585524354,-0.11810731200660982,1.442170222440704,1.1011177556744216
0.21829368936649787,0.6057106725829914,0.14898190694865113,-0.7425288066017083,-0.11866818125921874,1.4388395902551354,1.1011907385723747
0.21926480746421712,0.6096823723142164,0.14886705450552243,-0.7353993278121729,-0.1191926237021448,1.4356912148644412,1.101247429573665
0.2201712405851392,0.613399730792291,0.14875382176450433,-0.7287211266862853,-0.1196790368793097,1.4327404264039625,1.1012897680456402
0.22100883173126526,0.6168437810283552,0.14864391963204926,-0.7225293749497743,-0.12012578403844959,1.430003121707829,1.1013197487774071
0.22177335002181633,0.6199951260613951,0.14853910899398706,-0.7168600299499197,-0.12053121629206748,1.4274955472752242,1.101339396043866
0.2224605634703085,0.6228342859626311,0.14844117043773292,-0.7117491927997847,-0.12089370107804275,1.42523400991986,1.1013507294977556
0.223066328799829,0.6253421263256554,0.14835186544854134,-0.707232315937731,-0.12121165602265084,1.4232345195958993,1.1013557221222376
0.22358669693306268,0.6275003615727108,0.14827288950212644,-0.7033432724484218,-0.12148358753425358,1.421512369950035,1.101356250918853
0.2240180304567696,0.6292921151810942,0.1482058185982128,-0.7001133202244918,-0.12170813266556192,1.420081671510958,1.101354042056326
0.2243571270015807,0.6307025077417474,0.14815205200959683,-0.6975700147328711,-0.12188410208565977,1.4189548617452443,1.10135061330132
0.22460134031228426,0.6317192335438477,0.14811275519733055,-0.6957361430358899,-0.12201052140910189,1.4181422247149567,1.101347217557902
0.22474868906699083,0.6323330782418203,0.14808880775812142,-0.6946287667430071,-0.12208666763613878,1.4176514598623733,1.1013447921004835
0.22479794511709794,0.6325383386609286,0.14808076101977438,-0.6942584459780013,-0.12211209855934328,1.417487332239117,1.1013439176322966
0.22479794511709794,0.6325383386609286,0.14808076101977438,-0.6942584459780013,-0.12211209855934328,1.417487332239117,1.1013439176322966
0.22476790188803217,0.6324030882444457,0.14808794464230318,-0.6945566710973459,-0.12209581522710529,1.4176490670290345,1.1013547504907544
0.22467804779449746,0.6319986356653939,0.14810938807695168,-0.6954489556345599,-0.12204709011255513,1.418133197002178,1.1013871328378657
0.22452920321215453,0.6313288302263582,0.14814476617275044,-0.6969282129628092,-0.12196628954821637,1.418936537801104,1.1014407190790458
0.22432270389380682,0.6303999300222549,0.1481935485991531,-0.6989829227286781,-0.12185400927687576,1.4200539132465149,1.1015149475553392
0.22406035105352445,0.629220365955992,0.1482550226048275,-0.7015975669038701,-0.12171105552090192,1.4214783520865402,1.101609062686417
0.223744350227207,0.6278004539546885,0.1483283212893644,-0.704753161729388,-0.12153842218500606,1.423201327772762,1.1017221424501606
0.2233772402680662,0.6261520603643599,0.14841245591603142,-0.7084278761446727,-0.12133726384733266,1.4252130373455747,1.1018531300916146
0.2229618186479639,0.6242882501424463,0.14850634953237143,-0.7125976820416638,-0.12110886695566238,1.427502694673392,1.1020008674602604
0.2225010673742913,0.6222229381183005,0.14860886979109741,-0.7172369988730424,-0.12085462071792666,1.4300588211724945,1.1021641280080479
0.22199808321552986,0.6199705607850099,0.14871885925253775,-0.7223193003420654,-0.12057598905282618,1.4328695194580165,1.1023416477884904
0.22145601491973793,0.6175457813417937,0.1488351619787404,-0.7278176596680839,-0.12027448465512812,1.4359227193267199,1.102532153254392
0.22087800928536172,0.6149632369213943,0.14895664570651904,-0.7337052169316912,-0.11995164602113347,1.4392063886076116,1.1027343850614626
0.2202671654695795,0.6122373245067265,0.14908221971305674,-0.7399555748578547,-0.11960901703697203,1.4427087118852797,1.1029471179424424
0.2196265009063579,0.6093820431245948,0.14921084771436238,-0.7465430907877241,-0.11924813130187666,1.4464182221830644,1.1031691757156077
0.2189589235263834,0.6064108650099732,0.1493415573243423,-0.7534431149469595,-0.11887049827564708,1.4503239086974413,1.1033994430424572
0.2182672129945729,0.6033366502758778,0.14947344573688542,-0.7606321484162671,-0.11847759319563207,1.4544152881985424,1.1036368733273814
0.21755400834087907,0.6001715919420006,0.1496056825895334,-0.7680879449839403,-0.11807084953118809,1.4586824511551055,1.1038804936991606
0.21682180108902546,0.5969271871573845,0.1497375105337105,-0.7757895645915052,-0.11765165375704816,1.4631160860298877,1.1041294075265817
0.21607293277691406,0.5936142293250781,0.14986824405253552,-0.7837173881481221,-0.11722134206519932,1.467707486150714,1.1043827949712266
0.2153095958672771,0.5902428163281561,0.14999726699867294,-0.7918531025816331,-0.11678119865281056,1.4724485431538383,1.1046399120319728
0.2145338371801256,0.5868223706860158,0.15012402924781815,-0.8001796638313264,-0.1163324552570555,1.4773317304726479,1.1049000884747266
0.21374756311962367,0.5833616681414189,0.15024804278738813,-0.8086812442469886,-0.11587629164875217,1.4823500797859197,1.1051627249764655
0.21295254610417036,0.5798688718296118,0.15036887749027864,-0.8173431696566231,-0.1154138368402023,1.4874971527981908,1.1054272897506252
0.21215043173201942,0.576351569773437,0.15048615676293783,-0.8261518502706253,-0.11494617080478486,1.4927670102315027,1.1056933148647086
0.21134274632208852,0.5728168139647444,0.1505995532063497,-0.8350947086364348,-0.1144743265445903,1.4981541794779374,1.1059603924122736
0.21053090455972306,0.5692711597271498,0.15070878438756272,-0.8441601070546182,-0.11399929237652823,1.5036536220003187,1.10622817066063
0.20971621705080026,0.5657207044113447,0.15081360878717642,-0.8533372762095612,-0.11352201433655108,1.5092607012719288,1.1064963502622631
0.2088998976463091,0.5621711247590283,0.15091382196349845,-0.862616246241725,-0.11304339862599905,1.5149711518088003,1.1067646805914597
0.20808307044543076,0.5586277124945838,0.15100925295561105,-0.8719877810764346,-0.11256431404397535,1.520781049662346,1.1070329562469183
0.20726677653659623,0.5550954085220737,0.15109976091482957,-0.881443315329038,-0.1120855944452986,1.5266867840465277,1.1073010137236956
0.206451979720046,0.5515788315491311,0.15118523208476256,-0.8909749014014529,-0.11160804069976894,1.532685033653803,1.1075687284030402
0.2056395730921898,0.5480823116014871,0.15126557680627972,-0.9005751477112361,-0.11113242342743918,1.5387727387535357,1.1078360115101051
0.20483038385965507,0.5446099138210238,0.15134072697884118,-0.9102371746631029,-0.11065948470165268,1.5449470815054855,1.1081028075340755
0.20402517846527998,0.5411654640972544,0.15141063361451793,-0.9199545673192098,-0.1101899401254508,1.5512054646600242,1.1083690917126474
0.2032246671740717,0.5377525718077508,0.15147526461736396,-0.9297213333742042,-0.10972448068857839,1.5575454926676624,1.108634867738018
0.2024295082945547,0.5343746506322432,0.15153460274630454,-0.9395318646743835,-0.10926377451116781,1.5639649543789975,1.1089001656445183
0.20164031205988311,0.5310349375677964,0.15158864374605818,-0.9493809020457729,-0.10880846847822925,1.5704618072288732,1.1091650398665172
0.20085764419388674,0.5277365102762328,0.1516373946311643,-0.9592635031888744,-0.10835918977036735,1.577034162795298,1.1094295674548915
0.20008202918710746,0.5244823028942343,0.15168087210898543,-0.9691750133991159,-0.10791654729691809,1.583680273624215,1.1096938464404278
0.19931395330716592,0.5212751204327916,0.15171910112848563,-0.9791110388788603,-0.10748113303808954,1.5903985212142375,1.1099579943328568
0.19855386736666178,0.5181176518868327,0.15175211354257684,-0.9890674224175753,-0.10705352330278545,1.5971874050603,1.11022214674474
0.197802189270446,0.5150124821688034,0.15177994687282806,-0.9990402212296193,-0.10663427990869054,1.6040455326608938,1.1104864561300507
0.19705930636260063,0.5119621029722713,0.15180264316630615,-1.009025686753313,-0.10622395129095036,1.610971610399975,1.1107510906279645
0.1963255775919169,0.5089689226636556,0.1518202479352431,-1.0190202462295268,-0.10582307354544158,1.617964435221137,1.1110162330030637
0.19560133551313216,0.5060352752922493,0.15183280917109335,-1.0290204858925918,-0.10543217141223024,1.6250228870181886,1.1112820796738532
0.19488688813969474,0.5031634288010083,0.15184037642534506,-1.0390231356204607,-0.10505175920438631,1.6321459216726188,1.1115488398221265
0.19418252066242342,0.5003555925132321,0.15184299995017747,-1.0490250549045053,-0.10468234168687743,1.6393325646744672,1.1118167345763654
0.19348849704710125,0.49761392396333737,0.15184072989272693,-1.0590232200120373,-0.10432441490982076,1.6465819052688087,1.112085996262915
0.19280506152282287,0.49494053513351893,0.15183361553731564,-1.0690147122263702,-0.10397846699993647,1.65389309107533,1.1123568677192215
0.1921324400519793,0.4923374986494764,0.15182170458162705,-1.0789967061644166,-0.10364497897542771,1.66126532271012,1.1126296016590305
0.19147084129576838,0.48980685091352916,0.15180504249758853,-1.0889664636108576,-0.10332442520559237,1.6686978509808317,1.1129044601153297
0.19082045836273662,0.48735060013611325,0.15178367182923932,-1.0989213185249909,-0.10301727450131061,1.6761899698797742,1.1131817138766111
0.19018146958654011,0.48497072841354144,0.1517576316225147,-1.1088586727672853,-0.10272399048530538,1.6837410146099545,1.113461642024428
0.18955403970750503,0.48266919633385713,0.1517269568284165,-1.1187759872605956,-0.10244503229332974,1.6913503574246598,1.1137445314800973
0.18893832089723364,0.4804479466453234,0.1516916777411085,-1.1286707748274394,-0.10218085517327284,1.6990174042291188,1.114030676594457
0.18833445373033555,0.47830890762220174,0.1516518194567949,-1.1385405935565203,-0.10193191105866722,1.7067415914030033,1.114320378770877
0.18774256810857,0.476253996154342,0.15160740135075862,-1.148383040647705,-0.10169864911762766,1.714522382820037,1.114613946118529
0.18716278414217608,0.4742851205842054,0.1515584365701672,-1.1581957466898753,-0.10148151627796093,1.7223592670432646,1.1149116931331027
0.1865952129927454,0.47240418331260126,0.1515049315404521,-1.1679763703303694,-0.10128095772894703,1.730251754676473,1.1152139404023194
0.18603995768158588,0.47061308319204076,0.15144688548325713,-1.177722593298954,-0.10109741740002771,1.7381993758540968,1.1155210143337047
0.1854971138671814,0.4689137177246756,0.1513842899441198,-1.187432115752819,-0.10093133841640961,1.7462016778535354,1.1158332469022112
0.1849667705950391,0.46730798507994453,0.15131712832820737,-1.197102651912348,-0.10078316353135537,1.7542582228152301,1.1161509754153414
0.18444901102292866,0.4657977859453678,0.15124537544258074,-1.2067319259604725,-0.10065333553470471,1.7623685855572064,1.1164745422935085
0.18394391312427041,0.4643850252225139,0.15116899704359288,-1.2163176681809353,-0.10054229763695065,1.770532351471893,1.1168042948633994
0.18345155037220195,0.4630716135787841,0.15108794938816805,-1.225857611313251,-0.10045049382797083,1.7787491144941059,1.1171405851621417
0.18297199240664225,0.4618594688644438,0.15100217878783673,-1.2353494871043158,-0.10037836920929119,1.78701847513004,1.11748376975009
0.18250683426859987,0.4607540227709347,0.1509119267457439,-1.244759792788746,-0.10032650769839416,1.7953123515388405,1.1178330341395182
0.18206070574977554,0.4597661356077633,0.1508181831461444,-1.253988685055944,-0.10029537045302535,1.8035418468551878,1.1181848725221613
0.1816332322414136,0.4588935244869154,0.1507210881272016,-1.2630341655140422,-0.10028453949007676,1.8117026667139053,1.1185392382987605
0.1812236920203811,0.4581331403238322,0.150620694624219,-1.271901809101574,-0.10029357346435469,1.819797317525825,1.1188963584644287
0.18083141071104794,0.4574821263761318,0.1505170431755021,-1.2805968295591297,-0.1003220572462619,1.8278281392842695,1.1192564432257464
0.18045575743511055,0.4569378016505656,0.15041016307816438,-1.2891241101159425,-0.10036959975651691,1.835797319438212,1.1196196874668491
0.18009614136333815,0.4564976460818614,0.1503000734130594,-1.2974882308954407,-0.10043583200648427,1.843706905282422,1.1199862720484772
0.1797520086187104,0.45615928725691357,0.15018678395645302,-1.3056934934592674,-0.10052040531903883,1.851558815054153,1.1203563649613648
0.17942283948777216,0.45592048849125266,0.15007029599339458,-1.3137439428473132,-0.1006229897084405,1.8593548478979711,1.1207301223521842
0.17910814590317095,0.4557791380926625,0.14995060304553473,-1.3216433874196194,-0.10074327240067596,1.8670966928369752,1.121107689437622
0.17880746916549348,0.4557332396701209,0.14982769152430392,-1.3293954167628466,-0.10088095647823221,1.874785936869156,1.121489201319955
0.17852037787685415,0.45578090336591814,0.14970154131881902,-1.3370034178875927,-0.101035759635395,1.8824240722912122,1.1218747837156426
0.1782464660623554,0.4559203379053329,0.14957212632659436,-1.344470589912262,-0.10120741303196713,1.890012503338312,1.1222645536068792
0.17798535145864625,0.4561498433722608,0.1494394149340387,-1.3517999574032096,-0.10139566023483892,1.897552552216559,1.1226586198247428
0.17773667400158158,0.45646780499190354,0.14930337044674583,-1.3589943818818162,-0.10160025627847237,1.9050454642919055,1.12305708357476
0.17750009419102372,0.45687268564925226,0.14916395151179473,-1.366056575515198,-0.1018209665900144,1.9124924143434396,1.123460038891191
0.17727529209821333,0.4573630226841815,0.14902111244257932,-1.3729891072110334,-0.10205756639860489,1.9198945092258415,1.1238675730770848
0.1770619659445779,0.4579374213047446,0.14887480357802257,-1.3797944146469032,-0.10230983977112122,1.9272527933757606,1.1242797670656988
0.17685983105096592,0.45859455038314206,0.14872497158194867,-1.3864748120565062,-0.10257757891991233,1.9345682523181407,1.1246966957605344
0.1766686188172146,0.45933313822294736,0.14857155972562008,-1.393032498036135,-0.10286058351183185,1.941841816198997,1.125118428336432
0.17648807577983666,0.4601519686640903,0.1484145081493895,-1.3994695627271438,-0.10315866001942454,1.9490743630365983,1.1255450285087993
0.17631796274028974,0.46104987749320275,0.14825375410589303,-1.405787994434543,-0.10347162111037132,1.9562667217182859,1.1259765547740277
0.17615805395711617,0.4620257491305779,0.14808923218693343,-1.4119896857350474,-0.10379928507172598,1.9634196747670802,1.1264130606238054
0.17600813639595778,0.46307851356816104,0.14792087453596367,-1.418076439122106,-0.10414147526585299,1.9705339608996264,1.1268545947357531
0.17586800903208136,0.4642071435357767,0.14774861104787113,-1.4240499722302187,-0.1044980196153069,1.9776102773946398,1.1273012011425376
0.17573748220060492,0.4654106518752197,0.14757236955758118,-1.4299119226763908,-0.10486875011418874,1.9846492822890114,1.1277529193814002
0.1756163769901009,0.4666880891039813,0.14739207601883605,-1.4356638525525989,-0.10525350236377387,1.9916515964169386,1.12820978462584
0.17550452467568656,0.46803854115228377,0.14720765467436497,-1.4413072525996127,-0.10565211513044212,1.9986178053058365,1.1286718278010164
0.17540176618809097,0.46946112725873,0.14701902821853624,-1.446843546089489,-0.10606442992414267,2.0055484609414194,1.1291390756842845
0.1753079516155276,0.47095499801138513,0.14682611795347142,-1.4522740924412665,-0.10649029059581883,2.012444083413086,1.1296115509921443
0.17522293973550176,0.4725193335223794,0.1466288439395026,-1.4576001905920182,-0.1069295429523786,2.019305162449659,1.1300892724547675
0.1751465975739507,0.47415334172529777,0.14642712514076836,-1.462823082143248,-0.10738203438794963,2.026132158854547,1.1305722548791606
0.17507879998935316,0.4758562567856596,0.1462208795666642,-1.4679439543006814,-0.10784761353029416,2.0329255058485223,1.1310605092019308
0.17501942927965955,0.4776273376156871,0.1460100244097926,-1.472963942623859,-0.10832612990137794,2.0396856103275662,1.1315540425325459
0.1749683748100856,0.47946586648540995,0.1457944761809972,-1.477884133600345,-0.10881743359120222,2.046412854042498,1.1320528581879017
0.17492553265998442,0.48137114772286416,0.14557415084200673,-1.4827055670580631,-0.1093213749441056,2.0531075947065274,1.132556955718952
0.1748908052871697,0.4833425064968191,0.1453489639361625,-1.4874292384280008,-0.10983780425683745,2.0597701670362785,1.1330663309300981
0.17486410120819795,0.485379287676043,0.14511883071765674,-1.4920561008684659,-0.11036657148778552,2.0664008837313697,1.1335809758919866
0.1748453346932505,0.48748085475964864,0.14488366627966714,-1.4965870672610873,-0.11090752597681915,2.0730000363971626,1.1341008789483227
0.17483442547436717,0.489646588873556,0.14464338568173044,-1.501023012087826,-0.11146051617528042,2.0795678964148885,1.1346260247172628
0.17483129846588732,0.4918758878285002,0.14439790407666483,-1.5053647731975397,-0.11202538938571627,2.086104715763022,1.1351563940879223
0.17483588349605336,0.494168165235448,0.14414713683731317,-1.509613153469839,-0.11260199151101012,2.0926107277934083,1.1356919642124976
0.17484811504881462,0.4965228496745933,0.14389099968335192,-1.5137689223833826,-0.11319016681262055,2.0990861479653766,1.1362327084944825
0.17486793201495082,0.4989393839144512,0.14362940880837535,-1.5178328174951365,-0.1137897576776887,2.1055311745407934,1.1367785965734296
0.17489527745170716,0.5014172241778292,0.14336228100744297,-1.5218055458366002,-0.11440060439481925,2.1119459892427606,1.137329594306686
0.1749300983502009,0.5039558394517468,0.14308953380524572,-1.5256877852324993,-0.11502254493838798,2.118330757880451,1.13788566374852
0.17497234540992146,0.506554710838569,0.14281108558502517,-1.5294801855470364,-0.11565541476126032,2.12468563094236,1.1384467631270354
0.17502197281970147,0.5092133309458803,0.14252685571835388,-1.5331833698623405,-0.11629904659585077,2.131010744160069,1.139012846819251
0.17507893804459276,0.5119312033127816,0.1422367646958629,-1.5367979355934298,-0.11695327026347911,2.1373062190444525,1.139583865324717
0.17514320161812927,0.5147078418704801,0.1419407342589805,-1.5403244555436677,-0.11761791249201316,2.1435721633961102,1.1401597652380284
0.1752147269395057,0.5175427704352413,0.14163868753272027,-1.5437634789043257,-0.11829279674181849,2.1498086717916403,1.1407404892205761
0.17529348007524362,0.5204355222318474,0.14133054915954466,-1.5471155322016836,-0.11897774304005437,2.156015826047271,1.1413259759718748
0.17537942956495878,0.5233856394459,0.1410162454342991,-1.5503811201947724,-0.1196725678233844,2.1621936956612378,1.1419161602007997
0.1754725462308817,0.5263926728034197,0.1406957044401999,-1.5535607267266331,-0.12037708378919056,2.168342338236169,1.1425109725970441
0.1755728029908193,0.5294561811762842,0.14036885618583467,-1.5566548155317794,-0.1210910997553937,2.174461799882663,1.1431103398031173
0.17568017467428015,0.5325757312121489,0.14003563274311975,-1.5596638310023645,-0.121814420529005,2.1805521156051526,1.1437141843871834
0.1757946378415204,0.5357508969876478,0.13969596838613235,-1.5625881989152761,-0.12254684678354529,2.186613309671024,1.1443224248170412
0.1759161706052945,0.5389812596836505,0.13934979973072814,-1.5654283271223837,-0.12328817494547942,2.1926453959639507,1.1449349754355327
0.17604475245513015,0.5422664072815438,0.13899706587482616,-1.5681846062058213,-0.12403819708982741,2.1986483783222597,1.145551746437669
0.17618036408397114,0.5456059342795011,0.13863770853923157,-1.570857410100188,-0.12479670084511767,2.204622250863126,1.1461726438497462
0.17632298721706044,0.5489994414278067,0.138271672208848,-1.5734470966833358,-0.1255634693078561,2.210566998293307,1.1467975695107215
0.17647260444296142,0.5524465354823315,0.13789890427411483,-1.5759540083373655,-0.12633828096668845,2.2164825962071033,1.1474264210561171
0.1766291990466427,0.5559468289753676,0.13751935517248665,-1.578378472481228,-0.12712090963643435,2.2223690113721215,1.1480590919046976
0.1767927548445722,0.559499940003013,0.13713297852975936,-1.5807208020763492,-0.1279111244021726,2.2282262020034285,1.1486954712481743
0.17696325602179128,0.5631054920283975,0.13673973130102812,-1.5829812961065175,-0.12870868957355394,2.23405411802661,1.149335444044173
0.1771406869709624,0.5667631137000575,0.1363395739110529,-1.585160240033208,-0.12951336464951363,2.2398527013302,1.1499788910126905
0.17732487499346972,0.5704693105044019,0.13593281409570912,-1.587256183324885,-0.13032422169074684,2.2456170665246624,1.1506251454955756
0.1775136697729537,0.5741823733254368,0.1355239809730908,-1.5892480651244467,-0.13113205031670913,2.2512848798292038,1.1512669768841561
0.17770614266633866,0.5778873336545115,0.13511471114880363,-1.591132572727246,-0.13193360749930036,2.2568380047878374,1.1519019556300754
0.1779019761438145,0.5815816326911418,0.13470529099215017,-1.5929134701465213,-0.13272838022919609,2.262277662194136,1.1525298235773076
0.17810085831459224,0.5852627798174457,0.13429600754629073,-1.5945944365565414,-0.13351587755375072,2.2676050540669213,1.1531503325671848
0.17830248269035695,0.588928349662282,0.13388714804534138,-1.596179070762739,-0.134295630326493,2.27282136532739,1.1537632445841024
0.17850654834143242,0.592575982124216,0.13347899935813395,-1.597670890500803,-0.13506719105092546,2.2779277630315935,1.1543683317882825
0.17871275969456724,0.5962033795294347,0.13307184753811777,-1.599073336666129,-0.13583013356860185,2.2829253979148594,1.1549653765994665
0.17892082654202066,0.5998083053705608,0.1326659773444559,-1.6003897747687665,-0.13658405278403446,2.2878154046219668,1.1555541717087658
0.1791304640254153,0.6033885828043509,0.13226167179123816,-1.6016234967766212,-0.13732856434769128,2.2925989021132502,1.1561345200697746
0.17934139263168192,0.6069420932129049,0.1318592117163926,-1.602777722822121,-0.13806330431126163,2.2972769940006397,1.1567062348615893
0.17955333819883426,0.6104667748244182,0.13145887537120504,-1.6038556027825848,-0.13878792875603435,2.301850768819519,1.1572691394248926
0.17976603192950372,0.6139606213898517,0.1310609380312159,-1.6048602177436946,-0.13950211339542207,2.3063213002418355,1.157823067172311
0.17997921041035728,0.6174216809123763,0.13066567162910653,-1.605794581354568,-0.14020555315284008,2.3106896472354483,1.1583678614742952
0.18019261563569847,0.6208480544266617,0.13027334441005303,-1.6066616410823893,-0.1408979617162927,2.3149568541743943,1.1589033755218288
0.18040599503372734,0.6242378948254657,0.12988422060988236,-1.6074642793737377,-0.14157907107114356,2.319123950904324,1.1594294721672902
0.18061910150423194,0.6275894058138732,0.12949856015386732,-1.6082053145848985,-0.14224863101410085,2.323191952698606,1.159946023740553
0.18083169339551627,0.6309008404102564,0.12911661839280658,-1.6088875026979321,-0.14290640863992565,2.327161860588282,1.160452911871591
0.18104353463250025,0.6341705007285959,0.12873864582659858,-1.6095135367960134,-0.14355218783301607,2.3310346606307437,1.160950027231291
0.18125439464001966,0.637396736146206,0.12836488789811817,-1.6100860493567375,-0.14418576871496583,2.334811324517877,1.1614372693413595
0.18146404841563288,0.6405779427495574,0.1279955847740998,-1.6106076123146122,-0.14480696710051344,2.338492809129013,1.16191454630519
0.181672276538175,0.6437125623202098,0.1276309711625153,-1.6110807379292975,-0.14541561393334593,2.3420800564699857,1.1623817745508007
0.18187886518254312,0.6467990814384166,0.12727127614935524,-1.6115078794529258,-0.14601155471366728,2.3455739935212883,1.1628388785572894
0.18208360613011662,0.6498360306205015,0.12691672305665117,-1.6118914317446777,-0.14659464891788065,2.3489755320661887,1.1632857905704341
0.1822862967744618,0.652821983488896,0.12656752932111673,-1.6122337318361233,-0.14716476941215031,2.3522855685010042,1.1637224503087535
0.1824867401220659,0.6557555559738144,0.1262239063927216,-1.6125370594505597,-0.14772180186157138,2.3555049836295603,1.1641488046613222
0.1826847447879277,0.6586354055455981,0.12588605965244806,-1.6128036374793902,-0.14826564413663162,2.3586346424437328,1.1645648073786035
0.18288012498590975,0.6614602304768392,0.12555418834842827,-1.6130356324183384,-0.148796205718597,2.361675393891848,1.164970418757515
0.18307270051382898,0.6642287691334259,0.12522848554961435,-1.6132351547661474,-0.14931340710539356,2.364628070636586,1.165365605321918
0.18326229673332414,0.6669397992936964,0.12490913811609523,-1.6134042593882203,-0.14981717921949092,2.3674934888039374,1.1657503394996662
0.1834487445445972,0.6695921374949536,0.12459632668514006,-1.613544945847493,-0.15030746281922738,2.3702724477246386,1.1661245992973104
0.1836318803561783,0.672184638406597,0.12429022567202645,-1.6136591587046993,-0.15078420791494218,2.3729657296694535,1.1664883679735134
0.18381154604990235,0.6747161942291448,0.12399100328469159,-1.6137487877900987,-0.15124737319120463,2.3755740995795547,1.1668416337121732
0.1839875889413356,0.677185734118511,0.12369882155122892,-1.613815668448507,-0.15169692543635474,2.378098304793184,1.1671843892962155
0.18415986173591373,0.6795922236348307,0.12341383635925053,-1.6138615817595128,-0.1521328389804931,2.3805390747697217,1.1675166317829575
0.18432822248108816,0.6819346642152253,0.1231361975061299,-1.6138882547345177,-0.15255509514297624,2.382897120812181,1.1678383621819035
0.18449253451480113,0.6842120926698568,0.12286604875914352,-1.6138973604922775,-0.15296368169040347,2.385173135789146,1.1681495851357864
0.1846526664106268,0.6864235807006904,0.12260352792453665,-1.6138905184144108,-0.15335859230599694,2.3873677938570412,1.1684503086056095
0.18480849191993395,0.6885682344423366,0.12234876692455135,-1.6138692942823931,-0.15373982607121128,2.389481750183637,1.1687405435604137
0.18495988991143772,0.690645194024415,0.12210189188146692,-1.6138352003973644,-0.15410738696032797,2.391515640673585,1.1690203036724327
0.18510674430851362,0.6926536331548534,0.1218630232077238,-1.6137896956841007,-0.15446128334872716,2.3934700816967815,1.169289605018267
0.18524894402465458,0.6945927587235605,0.1216322757012212,-1.6137341857803928,-0.15480152753545795,2.3953456698202755,1.169548465786653
0.18538638289745352,0.6964618104259297,0.12140975864490428,-1.6136700231130288,-0.1551281352806667,2.397142981544425,1.1697969059933722
0.18551895962149084,0.6982600604056264,0.12119557590977932,-1.6135985069615224,-0.15544112535838014,2.398862573043953,1.1700349472037976
0.1856465776805085,0.699986812916135,0.12098982606052806,-1.6135208835106818,-0.15574051912508452,2.400504979914516,1.1702626122635404
0.18576914527923918,0.7016414040005431,0.12079260246291701,-1.613438345893058,-0.15602634010448677,2.4020707169253805,1.1704799250376188
0.18588657527526253,0.7032232011890757,0.12060399339223049,-1.613352034222258,-0.1562986135887951,2.403560277778755,1.1706869101585413
0.18599878511123955,0.7047316032138535,0.12042408214199114,-1.6132630356181006,-0.15655736625680788,2.404974134876303,1.1708835927836612
0.18610569674787728,0.7061660397404319,0.12025294713225691,-1.6131723842244918,-0.1568026258090596,2.406312739093339,1.171069998362128
0.18620723659795613,0.7075259711156423,0.12009066201682608,-1.6130810612208757,-0.157034420620229,2.4075765195611476,1.171246152411726
0.18630333546174452,0.7088108881312745,0.1199372957887087,-1.6129899948281319,-0.1572527794089868,2.408765883457909,1.1714120803058818
0.18639392846410727,0.7100203118031801,0.11979291288326238,-1.6129000603096464,-0.15745773092541807,2.4098812158086105,1.1715678070710709
0.18647895499360678,0.7111537931653815,0.11965757327842098,-1.612812079968312,-0.1576493036561358,2.410922879294343,1.1717133571948508
0.18655835864387144,0.7122109130787782,0.11953133259148152,-1.6127268231401666,-0.15782752554717,2.4118912140713555,1.1718487544447134
0.18663208715749877,0.7131912820540629,0.11941424217195024,-1.612645006185325,-0.1579924237446978,2.412786537600205,1.1719740216979369
0.18670009237273982,0.7140945400885146,0.11930634918997955,-1.6125672924768018,-0.15814402435366157,2.4136091444853123,1.1720891807825933
0.18676233017319507,0.7149203565162856,0.11920769671996592,-1.6124942923878318,-0.15828235221430215,2.41435930632523,1.1721942523298492
0.18681876044073822,0.7156684298719047,0.11911832381890954,-1.6124265632782013,-0.1584074306966278,2.4150372715738944,1.1722892556376894
0.18686934701186358,0.7163384877666634,0.11903826559917216,-1.6123646094800907,-0.15851928151281938,2.415643265413094,1.172374208546166
0.18691405763763863,0.7169302867776357,0.11896755329530243,-1.6123088822838951,-0.15861792454757478,2.416177489636415,1.1724491273242756
0.1869528639474243,0.7174436123490614,0.11890621432462997,-1.6122597799244154,-0.15870337770637805,2.41664012254484,1.1725140265685416
0.18698574141650973,0.7178782787058848,0.11885427234136273,-1.612217647567796,-0.15877565678168362,2.417031318854197,1.1725689191133772
0.18701266933778923,0.7182341287792273,0.11881174728395584,-1.612182777299547,-0.15883477533699797,2.4173512096146217,1.1726138159532886
0.18703363079759333,0.7185110341436313,0.11877865541554929,-1.6121554081139182,-0.15888074460884197,2.41759990214217,1.1726487261769696
0.18704861265576841,0.7187088949659247,0.1187550093573049,-1.6121357259048792,-0.15891357342657758,2.4177774799627056,1.1726736569133314
0.18705760553008158,0.7188276399655732,0.11874081811450524,-1.6121238634588961,-0.15893326815008327,2.4178840027681483,1.1726886132894994
0.18706060376779698,0.7188672262361078,0.1187360870983909,-1.6121199007104228,-0.15893983262867056,2.4179195065068577,1.1726935984130857
0.18706060376779698,0.7188672262361078,0.1187360870983909,-1.6121199007104228,-0.15893983262867056,2.4179195065068577,1.1726935984130857
0.18706036818490107,0.7188659430814142,0.11873593756294257,-1.612120641082759,-0.15893963246088916,2.417918980181776,1.1726931106557583
0.18705873333199496,0.7188570384910719,0.11873489984557643,-1.6121257789764116,-0.15893824337498846,2.417915327692123,1.1726897258111961
0.18705433887011746,0.7188331030760579,0.11873211047572661,-1.6121395895631032,-0.1589345095314039,2.417905509850727,1.1726806273960824
0.1870458665382077,0.7187869566340024,0.11872673269163257,-1.6121662157752719,-0.15892731084291156,2.4178865814783204,1.172663086046346
0.18703203972153717,0.7187116457985564,0.1187179561664027,-1.6122096696623724,-0.1589155626079378,2.417855690439357,1.1726344586236315
0.18701162302014135,0.7186004416887596,0.11870499673407772,-1.6122738337471771,-0.15889821514386826,2.4178100766778274,1.1725921873217677
0.18698342181725153,0.7184468375584075,0.11868709611569436,-1.612362462382074,-0.15887425342035752,2.417747071253076,1.1725337987732376
0.1869462818477266,0.7182445464454198,0.11866352164534884,-1.61247918310537,-0.15884269669263815,2.417664095375618,1.1724569031556469
0.18689908876648495,0.7179874988212076,0.11863356599626033,-1.6126274979975883,-0.15880259813483016,2.4175586594429532,1.172359193298194
0.18684076771693606,0.7176698402400409,0.11859654690683462,-1.6128107850377715,-0.1587530444732503,2.4174283620753863,1.1722384437881386
0.18677028289941242,0.7172859289884167,0.11855180690672755,-1.61303229945978,-0.15869315561972147,2.41727088915184,1.1720925100772719
0.18668663713960132,0.7168303337344266,0.11849871304290858,-1.6132951751085935,-0.15862208430488184,2.417084012845672,1.1719193275883848
0.18658887145697664,0.7162978311771241,0.11843665660572437,-1.6136024257966104,-0.1585390157114944,2.4168655906604934,1.1717169108217376
0.18647606463323055,0.7156834036958927,0.11836505285496221,-1.613956946659949,-0.15844316710775616,2.416613564465982,1.1714833524615298
0.1863473327807054,0.714982236999813,0.11828334074591365,-1.6143615155147473,-0.15833378748060747,2.4163259595337014,1.1712168224823687
0.18620182891082546,0.714189717777031,0.118190982655438,-1.6148187942134635,-0.15821015716904147,2.416000883572915,1.1709155672557388
0.18603874250252878,0.7133014313441254,0.11808746410802586,-1.615331330001177,-0.1580715874974132,2.4156365257664048,1.1705779086564712
0.18585729907069887,0.7123131592954753,0.11797229350186267,-1.6159015568718869,-0.15791742040874918,2.4152311558062856,1.1702022431692125
0.18565675973459653,0.711220877152628,0.11784500183489224,-1.6165317969248145,-0.15774702809805646,2.414783122929822,1.1697870409948952
0.18543642078629174,0.7100207520136663,0.11770514243088026,-1.6172242617207027,-0.1575598126456322,2.4142908549552455,1.1693308451572055
0.18519561325909528,0.7087091402025767,0.11755229066547787,-1.6179810536381158,-0.15735520565037286,2.413752857317571,1.1688322706090535
0.1849337024959907,0.7072825849186163,0.11738604369228517,-1.6188041672297413,-0.15713266786308355,2.413167712104411,1.168290003339042
0.18465008771806593,0.7057378138856815,0.1172060201689148,-1.6196954905786887,-0.1568916888197873,2.412534077091795,1.167702799477936
0.18434420159294518,0.7040717370016747,0.11701185998305541,-1.6206568066547904,-0.1566317864750345,2.4118506847799837,1.1670694844051326
0.18401550980322073,0.7022814439878724,0.11680322397853522,-1.6216897946709028,-0.15635250683521215,2.411116341429285,1.1663889518551285
0.18366351061488473,0.700364202038293,0.1165797936813856,-1.6227960314392054,-0.15605342359185323,2.4103299260958737,1.1656601630239913
0.18328773444576085,0.6983174534690639,0.11634127102590451,-1.623976992727502,-0.1557341377549459,2.4094903896676034,1.1648821456758276
0.18288774343393632,0.6961388133677899,0.11608737808072014,-1.6252340546155213,-0.15539427728624303,2.4085967538998263,1.1640539932492522
0.18246313100619346,0.6938260672429204,0.11581785677485437,-1.6265684948512158,-0.15503349673257136,2.4076481104512077,1.1631748639638584
0.18201352144644165,0.6913771686731167,0.11553246862378634,-1.6279814942070638,-0.15465147685914088,2.406643619919543,1.1622439799266862
0.18153856946414904,0.6887902369566207,0.11523099445551599,-1.6294741378363689,-0.15424792428285417,2.405582510877574,1.1612606262386915
0.18103795976277437,0.6860635547606216,0.11491323413662753,-1.6310474166295603,-0.1538225711056157,2.4044640789088056,1.1602241501012167
0.18051140660819875,0.6831955657706241,0.11457900629835309,-1.6327022285704937,-0.15337517454764119,2.403287685643321,1.1591339599224586
0.17995865339715747,0.6801848723398157,0.11422814806263615,-1.634439380092751,-0.15290551658076687,2.4020527577936,1.1579895244239382
0.1793794722256717,0.6770302331384348,0.11386051476819513,-1.636259587435941,-0.1524134035617589,2.400758786190334,1.1567903717469699
0.17877366345748041,0.6737305608031378,0.1134759796965869,-1.6381634780019998,-0.1518986658656226,2.3994053248182414,1.155536088559131
0.17814105529247212,0.6702849195863672,0.11307443379827034,-1.640151591711491,-0.15136115751891183,2.3979919898518864,1.154226319160731
0.1774815033351166,0.6666925230057191,0.11265578541866986,-1.6422243823599063,-0.15080075583303829,2.396518458691494,1.1528607645912796
0.17679489016289682,0.6629527314933109,0.1122199600242389,-1.6443822189739652,-0.15021736103758085,2.3949844689987665,1.1514391817359586
0.17608112489474056,0.6590650500451489,0.11176689992852355,-1.646625387167916,-0.14961089591359497,2.3933898177326993,1.149961382432088
0.17534014275945237,0.6550291258704961,0.11129656401822603,-1.6489540904998359,-0.14898130542692178,2.3917343601853984,1.1484272325755982
0.1745719046641452,0.6508447460412395,0.11080892747926818,-1.6513684518279317,-0.14832855636149775,2.390018009017896,1.1468366512274972
0.17377639676267237,0.6465118351412584,0.11030398152285512,-1.6538685146668395,-0.14765263695266365,2.3882407332959676,1.145189609720341
0.17295363002405917,0.6420304529157913,0.10978173311153862,-1.6564542445439252,-0.14695355652047415,2.3864025575259467,1.1434861307647017
0.1721036398009348,0.637400791920804,0.10924220468528081,-1.6591255303555854,-0.14623134510300706,2.3845035606905425,1.1417262875556387
0.1712264853979641,0.6326231751723576,0.10868543388751759,-1.6618821857235473,-0.14548605308967258,2.3825438752846573,1.139910202879166
0.1703222496402793,0.627698053795975,0.1081114732912222,-1.6647239503511693,-0.14471775085452274,2.3805236863512005,1.1380380482187227
0.16939103844191195,0.6226260046760101,0.10752039012496878,-1.6676504913797405,-0.14392652838956063,2.378443230516906,1.1361100428616417
0.16843298037422447,0.6174077281050141,0.10691226599899588,-1.6706614047447825,-0.14311249493804984,2.376302795028149,1.134126453005619
0.16744822623434222,0.6120440454331041,0.10628719663126998,-1.6737562165323485,-0.14227577862782365,2.3741027167867625,1.1320875908651837
0.16643694861358505,0.60653589671733,0.10564529157354907,-1.6769343843353246,-0.14141652610459438,2.371843381385852,1.129993813778166
0.16539934146589927,0.600884338371043,0.10498667393744614,-1.6801952986097288,-0.1405349021652629,2.3695252221456142,1.1278455233121674
0.16433561967628932,0.5950905408132626,0.10431148012049277,-1.6835382840310131,-0.1396310893912277,2.3671487191491507,1.1256431643710298
0.16324601862924962,0.5891557861180443,0.10361985953220257,-1.6869626008503626,-0.1387052877816943,2.364714398278288,1.1233872243013048
0.16213079377719636,0.5830814656638478,0.10291197432013482,-1.690467446250996,-0.1377577143869847,2.3622228302493893,1.1210782319987225
0.16099022020889925,0.576869077782904,0.10218799909595797,-1.6940519557044666,-0.13678860294184653,2.3596746296491755,1.1187167570146617
0.1598245922179133,0.5705202254105829,0.10144812066151311,-1.6977152043269619,-0.13579820349876245,2.3570704539705374,1.116303408662618
0.15863422287101078,0.5640366137347615,0.10069253773487763,-1.7014562082356042,-0.13478678206125955,2.3544110026483556,1.1138388351246742
0.15741944357661272,0.5574200478451914,0.0999214606764286,-1.7052739259047514,-0.13375462021721848,2.3516970160953146,1.1113237225579689
0.15618060365322092,0.5506724303828658,0.09913511121490648,-1.7091672595222964,-0.13270201477218302,2.348929274737719,1.1087587942011656
0.15491806989784973,0.5437957591893884,0.0983337221734785,-1.7131350563459686,-0.1316292773826692,2.3461085980513126,1.1061448094809228
0.15363222615445768,0.5367921249563397,0.09751753719580228,-1.7171761100596332,-0.1305367341894747,2.343235843597091,1.1034825631183625
0.15232347288237946,0.5296637088746455,0.09668681047208935,-1.7212891621295923,-0.12942472545098826,2.3403119060571203,1.1007728842355398
0.15099222672475757,0.5224127802839447,0.09584180646516867,-1.7254729031608844,-0.12829360517649888,2.3373377162703544,1.0980166354619119
0.1496389200769742,0.5150416943219561,0.09498279963655018,-1.729725974253586,-0.12714374075950516,2.334314240268448,1.095214712040808
0.14826400065508305,0.5075528895738471,0.09411007417248833,-1.7340469683591109,-0.1259755126110247,2.3312424783115757,1.0923680409358982
0.1468679310642409,0.4999488857216004,0.0932239237100456,-1.7384344316365106,-0.12478931379290333,2.3281234639242476,1.0894775799376621
0.1454511883671397,0.49223228119338247,0.0923246510631561,-1.7428868648087754,-0.12358554965112457,2.3249582629311263,1.0865443167698592
0.1440142636524381,0.4844057508129105,0.09141256794868895,-1.7474027245191344,-0.12236463744911882,2.321747972492841,1.0835692681959976
0.1425576616031935,0.47647204344882055,0.09048799471251202,-1.7519804246873552,-0.1211270060010727,2.318493720141807,1.0805534791258036
0.1410819000652936,0.46843397966403516,0.08955126005555533,-1.756618337866045,-0.11987309530523854,2.3151966628180403,1.0774980217216898
0.13958750961588828,0.46029444936513086,0.08860270075987461,-1.761314796596951,-0.11860335617724341,2.3118579859049726,1.0744039945052264
0.13807503313182148,0.4520564094517059,0.08764266141471486,-1.7660680947672596,-0.11731824988339876,2.3084789022652714,1.0712725214636087
0.13654502535806282,0.4437228814657477,0.08667149414257383,-1.7708764889658992,-0.11601824777400947,2.3050606512766527,1.0681047511561272
0.1349980524761395,0.4352969492410008,0.08568955832526565,-1.7757381998398374,-0.1147038309166834,2.3016044978676993,1.064901855820637
0.13343469167256816,0.42678175655233475,0.08469722032998427,-1.780651413450384,-0.11337548972964062,2.2981117315536777,1.0616650304800261
0.13185553070728642,0.418180504765111,0.08369485323536704,-1.7856142826294892,-0.11203372361502266,2.2945836654723526,1.058395492048686
0.13026116748208497,0.409496450484551,0.08268283655755826,-1.7906249283360463,-0.11067904059220195,2.291021635419803,1.05509447843898
0.12865220960903917,0.40073290320510435,0.08166155597627267,-1.7956814410121897,-0.10931195693109111,2.2874269988862426,1.0517632476677128
0.12702927397894082,0.3918932229598153,0.080631403060859,-1.800781881939597,-0.10793299678545225,2.283801134091831,1.0484030769625996
0.1253929863297302,0.3829808179696918,0.07959277499636357,-1.8059242845957884,-0.10654269182620638,2.2801454390224927,1.0450152618687363
0.12374398081492745,0.3739991422930716,0.07854607430959366,-1.811106656010427,-0.10514158087474251,2.2764613304657333,1.0416011153550668
0.12208289957206479,0.3649516934749914,0.07749170859518129,-1.8163269781216203,-0.1037302095362273,2.272750243046457,1.0381619669208546
0.12041039229111801,0.3558420101965538,0.0764300902416465,-1.8215832091322186,-0.10230912983291418,2.2690136282627793,1.0346991617021504
0.11872711578293835,0.3466736699242946,0.07536163615746108,-1.8268732848661173,-0.10087889983745266,2.2652529535218475,1.0312140595782617
0.1170337335476844,0.33745028655955167,0.074286767497112,-1.8321951201245559,-0.09944008330619777,2.2614697011756544,1.027708034278223
0.11533091534325364,0.32817550808783047,0.07320590938716494,-1.8375466100424196,-0.09799324931251924,2.2576653675568554,1.0241824724872635
0.11361933675371454,0.31885301422817447,0.07211949065232792,-1.842925631444538,-0.09653897188011101,2.2538414620145866,1.0206387729532778
0.1118996787577381,0.30948651408253086,0.07102794354151477,-1.8483300442019868,-0.09507782961630046,2.249999505950277,1.0170783455932948
0.1101726272970297,0.3000797437851183,0.0699317034539086,-1.8537576925883876,-0.09361040534535758,2.24614103185347,1.013502610599946
0.10843887284476104,0.2906364641517957,0.06883120866502546,-1.8592064066362084,-0.09213728574180464,2.242267582337635,1.0099129975479364
0.10669910997400171,0.2811604583294288,0.06772690005277779,-1.864674003493064,-0.09065906096372517,2.238380709175987,1.0063109445005123
0.10495403692615117,0.2716555294452584,0.06661922082353804,-1.870158288778016,-0.08917632428607354,2.2344819723373024,1.0026978971159315
0.10320435517937035,0.26212549825626774,0.06550861623820206,-1.8756570579378735,-0.08768967173398412,2.2305729390217337,0.9990753077539322
0.10145076901701362,0.25257420079855053,0.06439553333825279,-1.881168097603493,-0.08619970171608068,2.226655182696628,0.9954446345822022
0.09969398509606049,0.243005486036678,0.0632804206718237,-1.88668918694608,-0.08470701465778574,2.222730282132342,0.9918073406828486
0.09793471201554739,0.233423213513067,0.06216372801976234,-1.8922180990334876,-0.08321221263462977,2.2187998204380586,0.9881648931588664
0.09617365988499949,0.22383125099734774,0.06104590612169392,-1.8977526021865179,-0.08171589900556069,2.2148653840976036,0.9845187622406084
0.09441153989286252,0.21423347213573118,0.05992740640208483,-1.9032904613352222,-0.08021867804625306,2.2109285620052628,0.9808704203922542
0.09264906387493453,0.2046337541003771,0.05880868069630609,-1.908829439375201,-0.0787211545824175,2.2069909445015954,0.9772213414182798
0.09088694388279751,0.19503597523876026,0.05769018097669696,-1.9143672985239053,-0.07722393362310985,2.203054122409254,0.9735729995699256
0.08912589175224962,0.185444012723041,0.056572359078628544,-1.9199018016769356,-0.07572761999404076,2.199119686068799,0.9699268686516677
0.0873666186717365,0.17586174019943002,0.0554556664265672,-1.9254307137643432,-0.0742328179708848,2.195189224374516,0.9662844211276854
0.08560983475078333,0.1662930254375573,0.05434055376013809,-1.9309518031069302,-0.07274013091258982,2.1912643238102296,0.9626471272283317
0.08385624858842664,0.1567417279798402,0.053227470860188836,-1.9364628427725499,-0.07125016089468642,2.187346567485124,0.9590164540566019
0.0821065668416458,0.14721169679084956,0.05211686627485285,-1.9419616119324072,-0.06976350834259698,2.1834375341695553,0.9553938646946024
0.0803614937937953,0.13770676790667935,0.05100918704561311,-1.947445897217359,-0.0682807716649454,2.179538797330871,0.9517808173100217
0.07862173092303593,0.12823076208431217,0.04990487843336543,-1.9529134940742148,-0.06680254688686588,2.175651924169223,0.9481787642625975
0.07688797647076731,0.11878748245098969,0.04880438364448231,-1.9583622081220355,-0.06532942728331294,2.171778474653388,0.944589151210588
0.07516092501005889,0.10938071215357714,0.04770814355687612,-1.9637898565084364,-0.06386200301237008,2.1679200005565806,0.9410134162172392
0.07344126701408248,0.10001421200793348,0.04661659644606295,-1.969194269265885,-0.062400860748559495,2.164078044492271,0.9374529888572561
0.07172968842454336,0.09069171814827737,0.045530177711225944,-1.9745732906680036,-0.06094658331615127,2.160254138950002,0.9339092893232706
0.07002687022011264,0.08141693967655672,0.04444931960127892,-1.979924780585867,-0.05949974932247279,2.156449805331204,0.9303837275323111
0.06833348798485862,0.07219355631181312,0.043374450940929815,-1.9852466158443058,-0.05806093279121784,2.1526665529850106,0.9268777022322723
0.06665021147667897,0.06302521603955413,0.042305996856744396,-1.9905366915782048,-0.05663070279575633,2.1489058782440784,0.9233926001083835
0.06497770419573219,0.0539155327611166,0.041244378503209625,-1.995792922588803,-0.05520962309244322,2.1451692634604007,0.9199297948896793
0.06331662295286952,0.04486808394303654,0.04019001278879723,-2.001013244699996,-0.053798251753928036,2.1414581760411244,0.9164906464554672
0.061667617438066785,0.035886408266416425,0.039143312102027344,-2.006195616114635,-0.05239714080246417,2.137774067484365,0.9130764999417977
0.0600313297888562,0.026974003276292846,0.038104684037531894,-2.011338018770826,-0.05100683584321829,2.134118372415027,0.9096886848479343
0.058408394158757815,0.018134323031003263,0.0370745311221182,-2.0164384596982337,-0.04962787569757937,2.130492507620615,0.9063285141428212
0.05679943628571202,0.00937077575155687,0.03605325054083261,-2.021494972374377,-0.04826079203646855,2.1268978710870545,0.9029972833715539
0.055205073060510534,0.0006867214709967984,0.035041233863023824,-2.026505618080934,-0.04690610901364782,2.123335841034505,0.8996962697618478
0.05362591209522882,-0.007914530316226909,0.0340388667684066,-2.0314684872600393,-0.0455643428990299,2.11980777495318,0.8964267313305077
0.05206255129165743,-0.01642972300489287,0.03304652877312522,-2.036381700870586,-0.044236001711987036,2.116315008639158,0.8931899059898969
0.05051557840973425,-0.024855655229639395,0.03206459295581708,-2.041243411744524,-0.04292158485466108,2.1128588552302054,0.8899870106544068
0.04898557063597547,-0.03318918321559816,0.031093425683676013,-2.0460518059431636,-0.04162158274527171,2.1094406042415863,0.886819240346925
0.04747309415190873,-0.041427223129022805,0.03013338633851631,-2.0508051041134725,-0.040336476451427086,2.106061520601885,0.8836877673053076
0.04597870370250334,-0.04956675342792727,0.02918482704283555,-2.0555015628443782,-0.03906673732343198,2.1027228436888175,0.8805937400888442
0.04450294216460354,-0.05760481721271238,0.028248092385878887,-2.060139476023068,-0.03781282662759783,2.0994257863650505,0.8775382826847304
0.04304634011535885,-0.06553852457680254,0.027323519149701922,-2.064717176191289,-0.03657519517955164,2.0961715340140166,0.8745224936145362
0.04160941540065738,-0.07336505495727397,0.02641143603523484,-2.0692330359016475,-0.035354282977545975,2.0929612435757314,0.8715474450406748
0.040192672703556115,-0.08108165948549251,0.025512163388345277,-2.0736854690739124,-0.03415051883576721,2.08979604258261,0.8686141818728719
0.03879660311271396,-0.08868566333773853,0.02462601292590258,-2.0780729323513123,-0.03296432001764585,2.0866770281952824,0.8657237208746359
0.037421683690822743,-0.0961744680858484,0.023753287461840675,-2.082393926456837,-0.03179609186916538,2.08360526623841,0.8628770497697258
0.03606837704303939,-0.10354555404783683,0.022894280633222186,-2.086646997549539,-0.030646227452171604,2.0805817902365034,0.860075126348622
0.034737130885417605,-0.11079648263853714,0.02204927662630156,-2.090830738580831,-0.029515107177682215,2.0776076004497375,0.8573188775749943
0.03342837761333936,-0.11792489872023171,0.021218549902588618,-2.09494379065079,-0.02840309843919578,2.074683662909767,0.8546091986921714
0.03214253386994731,-0.12492853295327977,0.02040236492491246,-2.0989848443644545,-0.027310555246001372,2.0718109084555456,0.8519469523296113
0.030880000114576034,-0.13180520414675811,0.019600975883484376,-2.1029526411881267,-0.026237817856487433,2.0689902317691384,0.8493329676093682
0.029641160191184318,-0.13855282160908322,0.018814626421962286,-2.1068459748056716,-0.025185212411452024,2.0662224904115436,0.8467680392525652
0.02842638089678623,-0.1451693874986536,0.018043549363513253,-2.110663692474819,-0.02415305056741099,2.063508503858502,0.8442529266858598
0.027236011549883588,-0.15165299917447495,0.017287966436877758,-2.1144046963834615,-0.023141629129908026,2.0608490525363203,0.8417883531479158
0.02607038355889771,-0.15800185154679613,0.016548088002432917,-2.118067945005957,-0.022151229686823926,2.0582448768576826,0.8393750047958722
0.0249298099906006,-0.16421423942774005,0.015824112778256044,-2.1216524544594275,-0.021182118241685755,2.0556966762574684,0.8370135298118113
0.023814585138547367,-0.17028855988193659,0.015116227566188273,-2.125157299860061,-0.02023454484697612,2.05320510822857,0.834704537509229
0.022724984091507777,-0.1762233145771539,0.014424606977898144,-2.12858161667941,-0.019308743237442832,2.050770787357707,0.8324485974395044
0.021661262301897716,-0.18201711213493477,0.013749413160944773,-2.1319246021006943,-0.01840493046340755,2.048394284361244,0.8302462384983667
0.02062365515421208,-0.1876686704812216,0.013090795524841825,-2.1351855163750986,-0.017523306524076104,2.046076125121006,0.828097948032368
0.019612377533454683,-0.19317681919699603,0.012448890467120846,-2.1383636841780747,-0.016664054000846834,2.043816789720095,0.8260041709453502
0.01862762339357249,-0.19854050186890626,0.011823821099394977,-2.1414584959656406,-0.01582733769062067,2.0416167114787083,0.8239653088049148
0.017669565325884984,-0.20375877843990198,0.011215696973422104,-2.144469409330683,-0.015013304239109793,2.039476275989952,0.8219817189488923
0.01673835412751762,-0.20883082755986726,0.010624613807168629,-2.1473959503592543,-0.014222081774147743,2.0373958201556572,0.820053713591811
0.01583411836983284,-0.2137559489362496,0.010050653210873298,-2.1502377149868757,-0.013453779538997873,2.0353756312222004,0.8181815589313677
0.014956963966862163,-0.21853356568469573,0.009493882413110055,-2.152994370354838,-0.012708487525663392,2.0334159458163152,0.8163654742548951
0.014106973743737872,-0.2231632266796827,0.008954353986852306,-2.155665656166498,-0.011986276108196359,2.0315169489809115,0.8146056310458323
0.013284207005124615,-0.2276446089051507,0.00843210557553574,-2.158251386043584,-0.01128719567600675,2.02967877321089,0.8129021520901929
0.012488699103651857,-0.23197751980513104,0.007927159619122714,-2.1607514488824915,-0.010611276267172814,2.0279014974889615,0.8112551105830367
0.011720461008344646,-0.23616189963438772,0.007439523080164864,-2.1631658102105873,-0.009958527201748696,2.0261851463214593,0.8096645292349357
0.010979478873056586,-0.24019782380903976,0.006969187169867386,-2.165494513542507,-0.009328936715075675,2.024529688774159,0.8081303793784462
0.010265713604900112,-0.24408550525720374,0.006516127074151862,-2.1677376817364586,-0.008722471591089548,2.0229350375080912,0.8066525800745752
0.009579100432680399,-0.2478252967696104,0.006080301679721026,-2.169895518350517,-0.00813907679563225,2.0214010478153637,0.8052309972192543
0.008919548475325001,-0.2514176933502583,0.005661653300120556,-2.171968308998932,-0.007578675109758765,2.0199275166549717,0.8038654426498033
0.008286940310316793,-0.25486333456702803,0.005260107401804118,-2.173956422708423,-0.007041166763048001,2.0185141816886167,0.802555673251403
0.007681131542125269,-0.2581630069023264,0.00487557233019581,-2.175860313274482,-0.006526429066911504,2.017160720316524,0.801301390063564
0.007101950370639459,-0.2613176461037079,0.004507939035754638,-2.177680520617672,-0.0060343160479034985,2.0158667487132576,0.8001022373865956
0.006549197159598313,-0.2643283395345162,0.0041570808000377935,-2.1794176721399294,-0.0055646580810292945,2.0146318208635368,0.7989578018880752
0.00602264400502267,-0.26719632852451325,0.0038228529617634066,-2.181072484080863,-0.005117261523054861,2.0134554275980525,0.7978676117093174
0.005522034303647921,-0.26992301072051217,0.0035050926428749213,-2.1826457628740545,-0.004691908345816315,2.0123369956292843,0.7968311355718424
0.005047082321355589,-0.2725099424370072,0.0032036184746047497,-2.184138406503359,-0.0042883557695298224,2.0112758865873155,0.7958477818838482
0.004597472761603494,-0.274958841006812,0.0029182303235364138,-2.185551405859208,-0.003906335896099039,2.01027139605565,0.7949168978466752
0.004172860333860828,-0.277271587131682,0.0026487090176707667,-2.186885846094902,-0.0035455553424274533,2.0093227526070314,0.7940377685612816
0.003772869322036354,-0.2794502272329553,0.0023948160724864276,-2.188142907982921,-0.003205694873724546,2.0084291168392547,0.7932096161347065
0.0033970931529125614,-0.28149697580218325,0.0021562934170053782,-2.1893238692712176,-0.0028864090368173334,2.0075895804109845,0.792431598786543
0.003045093964576251,-0.2834142177517647,0.0019328631198555768,-2.190430106039521,-0.002587325793458245,2.0068031650775726,0.7917028099554051
0.0027164021748518896,-0.2852045107655665,0.0017242271153354166,-2.1914630940556328,-0.002308046153635973,2.0060688217268745,0.7910222774054015
0.0024105160497311373,-0.28687058764957296,0.0015300669294760483,-2.1924244101317347,-0.002048143808883157,2.0053854294150626,0.7903889623325976
0.0021269012718061753,-0.28841535868250756,0.0013500434061056166,-2.1933157334806825,-0.0018071647655868717,2.0047517944024467,0.7898017584714916
0.0018649905087017582,-0.2898419139664681,0.0011837964329130118,-2.194138847072307,-0.001584626978297532,2.004166649189287,0.7892594912014808
0.0016241829815051012,-0.2911535257775588,0.001030944667510511,-2.1948956389897214,-0.0013800199830381055,2.003628651551612,0.788760916653328
0.0014038440332005964,-0.2923536509165192,0.0008910852634985977,-2.195588103785609,-0.0011928045306140445,2.003136383577036,0.7883047208156384
0.0012033046970980066,-0.29344593305936795,0.0007637935965280618,-2.1962183438385376,-0.0010224122199210262,2.002688350700572,0.7878895186413208
0.0010218612652682924,-0.29443420510801666,0.0006486229903650137,-2.1967885707092467,-0.0008682451312571893,2.002282980740453,0.7875138531540629
0.0008587748569716946,-0.2953224915409214,0.0005451044429530538,-2.1973011064969596,-0.0007296754596290422,2.001918622933943,0.7871761945547955
0.0007132709870916742,-0.29611501076370406,0.00045274635247723183,-2.1977583851956757,-0.0006060451480628948,2.0015935469731567,0.7868749393281653
0.0005845391345662143,-0.2968161774597855,0.00037103424342853353,-2.198162954050475,-0.0004966655209142079,2.0013059420408754,0.7866084093490036
0.0004717323108205662,-0.2974306049410145,0.00029943049266654975,-2.198517474913812,-0.0004008169171761389,2.0010539158463647,0.7863748509887963
0.00037396662819563775,-0.2979631074983182,0.00023737405548231172,-2.19882472560183,-0.00031774832378853035,2.000835493661186,0.7861724342221486
0.0002903208683845693,-0.29841870275230864,0.00018428019166340237,-2.199087601250644,-0.00024667700894898115,2.000648617355018,0.7859992517332618
0.00021983605086123292,-0.29880261400393193,0.00013954019155636155,-2.1993091156726514,-0.00018678815542019778,2.000491144431472,0.7858533180223954
0.00016151500131217356,-0.29912027258509855,0.00010252110213053445,-2.199492402712835,-0.00013723449384023256,2.0003608470639045,0.78573256851234
0.00011432192007043707,-0.29937732020931085,7.25654530420311e-05,-2.199640717605053,-9.71359360322499e-05,2.00025541113124,0.7856348586548869
7.718195054565169e-05,-0.2995796113222986,4.89909826966034e-05,-2.1997574383283496,-6.557920831301578e-05,2.0001724352537824,0.7855579630372967
4.898074765549709e-05,-0.29973321545265175,3.109036431316048e-05,-2.199846066963247,-4.1617484801997895e-05,2.0001094298290303,0.7854995744887656
2.8564046260032283e-05,-0.29984441956244723,1.8130931988172283e-05,-2.1999102310480505,-2.4270020732714004e-05,2.0000638160675015,0.7854573031869023
1.4737229589584233e-05,-0.29991973039789355,9.354406758407818e-06,-2.1999536849351515,-1.2521785758973225e-05,2.0000329250285374,0.785428675764188
6.264897679880699e-06,-0.2999658768399476,3.976622664353391e-06,-2.1999803111473195,-5.3230972666962195e-06,2.0000139966561314,0.7854111344144517
1.870435802103776e-06,-0.2999898122549627,1.1872528145051575e-06,-2.1999941217340115,-1.589253681877345e-06,2.000004178814735,0.7854020359993376
2.355828959688111e-07,-0.2999987168453051,1.4953544838491872e-07,-2.199999259627665,-2.0016778129461343e-07,2.000000526325082,0.7853986511547756
1.1102230246251565e-16,-0.2999999999999996,0.0,-2.2,5.551115123125783e-17,2.0000000000000004,0.7853981633974481
